Date,H_M_S,Hour,WeekDay,Mail,Name,Subject
2023-09-20,00:06:14,00h-01h,Wednesday,no-reply@accounts.google.com,Google,Alerta de seguridad para samekj.jurado@gmail.com
2023-09-19,21:31:09,21h-22h,Tuesday,no-reply@accounts.google.com,Google,Security alert
2023-09-18,17:57:48,17h-18h,Monday,info@meetup.com,Meetup,Top suggestions for you this week
2023-09-18,11:29:48,11h-12h,Monday,administracion@soyhenry.com,Administraci√≥n Henry,üëÄReminder ¬°Tenemos una opci√≥n de pago para vos! ¬°Aprov√©chala!
2023-09-18,01:06:55,01h-02h,Monday,noreply@glassdoor.com,Empleos de Glassdoor,Data Analyst (Power BI) en sngular y 19 empleos 
2023-09-18,01:01:32,01h-02h,Monday,noreply@glassdoor.com,Empleos de Glassdoor,"Nuevos empleos en Mexico Beach, FL. "
2023-09-15,10:34:59,10h-11h,Friday,noreply@kaggle.com,Kaggle,Competition Launch: Open Problems ‚Äì Single-Cell Perturbations
2023-09-14,14:32:42,14h-15h,Thursday,noreply@kaggle.com,Kaggle,Competition Launch: NeurIPS 2023 - Machine Unlearning
2023-09-14,05:23:20,05h-06h,Thursday,no-reply@t.mail.coursera.org,Coursera,Coursera Plus Cancellation Confirmation
2023-09-13,12:19:00,12h-13h,Wednesday,noreply@kaggle.com,Kaggle,Competition Launch: Stanford Ribonanza RNA Folding
2023-09-13,11:06:47,11h-12h,Wednesday,Coursera@email.coursera.org,Coursera,Earn a certificate from a world-class university
2023-09-12,13:45:38,13h-14h,Tuesday,noreply@kaggle.com,Kaggle,üî¶ Monthly Spotlight: New Models on Kaggle to Check Out
2023-09-12,14:31:42,14h-15h,Tuesday,Coursera@email.coursera.org,Coursera,Celebrate your Google Data Analytics Professional Certificate achievement and take these next steps!
2023-09-11,17:29:13,17h-18h,Monday,info@meetup.com,Meetup,Top suggestions for you this week
2023-09-11,12:50:29,12h-13h,Monday,administracion@soyhenry.com,Administraci√≥n Henry,¬°Tenemos una nueva oferta para vos! ¬°Aprov√©chala!
2023-09-11,07:05:45,07h-08h,Monday,Coursera@email.coursera.org,Coursera Plus,Recommended: Marketing Analytics Foundation
2023-09-11,00:44:03,00h-01h,Monday,noreply@glassdoor.com,Empleos de Glassdoor,Data Analyst Sr en Finvero y 19 empleos 
2023-09-11,00:40:15,00h-01h,Monday,noreply@glassdoor.com,Empleos de Glassdoor,"Nuevos empleos en Mexico Beach, FL. "
2023-09-09,21:18:00,21h-22h,Saturday,no-reply@t.mail.coursera.org,Coursera,You completed Analyze Data to Answer Questions!
2023-09-09,21:18:00,21h-22h,Saturday,no-reply@t.mail.coursera.org,Coursera,"Congratulations, Your Certificate is Ready!"
2023-09-09,21:06:13,21h-22h,Saturday,no-reply@t.mail.coursera.org,Coursera,"Congratulations, Your Certificate is Ready!"
2023-09-09,21:06:12,21h-22h,Saturday,no-reply@t.mail.coursera.org,Coursera,You completed Share Data Through the Art of Visualization!
2023-09-08,14:36:25,14h-15h,Friday,noreply@kaggle.com,Kaggle,[New Feature] Host Private ML Competitions on Kaggle
2023-09-08,06:20:16,06h-07h,Friday,no-reply@t.mail.coursera.org,Coursera,You completed Google Data Analytics Capstone: Complete a Case Study!
2023-09-08,06:20:16,06h-07h,Friday,no-reply@t.mail.coursera.org,Coursera,"Congratulations, Your Certificate is Ready!"
2023-09-08,01:57:29,01h-02h,Friday,no-reply@t.mail.coursera.org,Coursera,"Congratulations, Your Certificate is Ready!"
2023-09-08,01:57:29,01h-02h,Friday,no-reply@t.mail.coursera.org,Coursera,You completed Data Analysis with R Programming!
2023-09-07,22:03:59,22h-23h,Thursday,no-reply@t.mail.coursera.org,Coursera,Your Coursera Plus upgrade is confirmed
2023-09-06,13:19:27,13h-14h,Wednesday,email@mail.salesforce.com,Salesforce,La cuenta regresiva est√° en marcha. Dreamforce se acerca.
2023-09-06,12:59:31,12h-13h,Wednesday,info@bethematch.org.mx,Be The Match¬Æ M√©xico,El poder de decir: S√ç quiero salvar una vida
2023-09-06,11:07:56,11h-12h,Wednesday,Coursera@email.coursera.org,Coursera,"Learn job-ready skills in months, not years"
2023-09-06,09:43:51,09h-10h,Wednesday,noreply@kaggle.com,Kaggle,Competition Launch: Child Mind Institute - Detect Sleep States
2023-09-04,16:12:58,16h-17h,Monday,info@meetup.com,Meetup,Top suggestions for you this week
2023-09-04,09:42:11,09h-10h,Monday,administracion@soyhenry.com,Administraci√≥n Henry,Propuesta de Cancelaci√≥n Total de tu AIC por Baja del Programa de Estudio
2023-09-03,23:19:14,23h-24h,Sunday,noreply@glassdoor.com,Empleos de Glassdoor,Data Analyst en America Steel Trade Corporation y 16 empleos
2023-09-03,23:15:57,23h-24h,Sunday,noreply@glassdoor.com,Empleos de Glassdoor,"Nuevos empleos en Mexico Beach, FL. "
2023-09-03,12:02:29,12h-13h,Sunday,noreply@glassdoor.com,Empleos de Glassdoor,¬°Ser√≠as
2023-09-02,12:13:53,12h-13h,Saturday,noreply@glassdoor.com,Empleos de Glassdoor,¬°Ser√≠as
2023-09-01,18:50:55,18h-19h,Friday,info@email.meetup.com,Meetup,üì£
2023-09-01,17:26:02,17h-18h,Friday,envios@estadosdecuentatotalplay.com.mx,Totalplay,Estados de Cuenta Totalplay
2023-09-01,09:16:37,09h-10h,Friday,Coursera@email.coursera.org,Coursera,Live 9/13: Explore global trends shaping learning and work
2023-09-01,12:05:24,12h-13h,Friday,noreply@glassdoor.com,Empleos de Glassdoor,¬°Ser√≠as
2023-08-31,14:07:37,14h-15h,Thursday,Coursera@email.coursera.org,Coursera,Gain job-ready Power BI and MS Excel skills
2023-08-31,06:02:04,06h-07h,Thursday,announce@parallels-universe.com,"Parallels, Inc.",¬°Reci√©n lanzado! Parallels Desktop v19: Nuevas funciones compatibles con Apple silicon y el macOS m√°s reciente.   
2023-08-30,14:08:16,14h-15h,Wednesday,alumnos@soyhenry.com,,Baja de Henry
2023-08-30,08:24:04,08h-09h,Wednesday,linkedin@e.linkedin.com,Nikita @ LinkedIn Learning,"Samekj, redeem these three (3) unlocked courses - offer expires in 7 days"
2023-08-30,11:22:33,11h-12h,Wednesday,Coursera@email.coursera.org,Coursera,Grow your career with job-ready learning
2023-08-30,06:02:53,06h-07h,Wednesday,announce@parallels-universe.com,"Parallels, Inc.","¬°NOVEDAD! Parallels Desktop 19: optimizado para macOS Sonoma, inicio de sesi√≥n con Touch ID  "
2023-08-29,15:12:49,15h-16h,Tuesday,noreply@kaggle.com,Kaggle,Competition Launch: Google - Fast or Slow? Predict AI Model Runtime
2023-08-29,13:49:01,13h-14h,Tuesday,announce@parallels-universe.com,"Parallels, Inc.","¬°NOVEDAD! Parallels Desktop 19: optimizado para macOS Sonoma, inicio de sesi√≥n con Touch ID  "
2023-08-29,09:34:45,09h-10h,Tuesday,noreply@kaggle.com,Kaggle,[Invitation] Join Kaggle‚Äôs New Discord Server üí¨
2023-08-29,16:02:49,16h-17h,Tuesday,info@email.meetup.com,Meetup,New challenge: Choose your team
2023-08-29,13:07:23,13h-14h,Tuesday,noreply@glassdoor.com,Empleos de Glassdoor,¬°Ser√≠as
2023-08-28,13:05:15,13h-14h,Monday,announce@parallels-universe.com,"Parallels, Inc.","¬°NUEVA VERSI√ìN! Actualice a Parallels Desktop v19. Optimizado para macOS Sonoma, inicio de sesi√≥n con Touch ID.   "
2023-08-28,20:15:29,20h-21h,Monday,noreply@glassdoor.com,Empleos de Glassdoor,¬°Ser√≠as
2023-08-28,16:51:54,16h-17h,Monday,info@meetup.com,Meetup,Top suggestions for you this week
2023-08-27,23:35:56,23h-24h,Sunday,noreply@glassdoor.com,Empleos de Glassdoor,Data Analyst Marketing Digital en Antevenio
2023-08-27,23:30:30,23h-24h,Sunday,noreply@glassdoor.com,Empleos de Glassdoor,"Nuevos empleos en Mexico Beach, FL. "
2023-08-27,22:01:38,22h-23h,Sunday,noreply@glassdoor.com,Empleos de Glassdoor,¬°Ser√≠as
2023-08-26,09:14:48,09h-10h,Saturday,noreply@glassdoor.com,Empleos de Glassdoor,¬°Ser√≠as
2023-08-25,14:03:00,14h-15h,Friday,no-reply@email.coursera.org,Coursera Lite,4-minute Coursera Lite survey
2023-08-25,14:00:28,14h-15h,Friday,noreply@glassdoor.com,Empleos de Glassdoor,¬°Ser√≠as
2023-08-24,20:28:26,20h-21h,Thursday,noreply@glassdoor.com,Empleos de Glassdoor,¬°Ser√≠as
2023-08-23,13:05:48,13h-14h,Wednesday,noreply@glassdoor.com,Empleos de Glassdoor,¬°Ser√≠as
2023-08-22,14:50:03,14h-15h,Tuesday,noreply@kaggle.com,Kaggle,[Invitation] Google Cloud Next 2023
2023-08-22,17:05:07,17h-18h,Tuesday,info@email.meetup.com,Meetup,Introducing new & improved member profiles 
2023-08-22,06:04:00,06h-07h,Tuesday,announce@parallels-universe.com,"Parallels, Inc.",¬°Reci√©n lanzado! Parallels Desktop v19: optimizado para macOS Sonoma  
2023-08-22,00:26:57,00h-01h,Tuesday,noreply@glassdoor.com,Empleos de Glassdoor,¬°Ser√≠as
2023-08-21,11:35:28,11h-12h,Monday,Coursera@email.coursera.org,Coursera,You‚Äôve got this! Your Google certificate is waiting.
2023-08-21,14:36:15,14h-15h,Monday,info@meetup.com,Meetup,Top suggestions for you this week
2023-08-21,02:12:42,02h-03h,Monday,noreply@glassdoor.com,Empleos de Glassdoor,¬°Ser√≠as
2023-08-20,23:26:40,23h-24h,Sunday,noreply@glassdoor.com,Empleos de Glassdoor,Data Analyst en IM Consulting y 16 empleos 
2023-08-20,23:23:44,23h-24h,Sunday,noreply@glassdoor.com,Empleos de Glassdoor,"Nuevos empleos en Mexico Beach, FL. "
2023-08-20,00:43:41,00h-01h,Sunday,noreply@glassdoor.com,Empleos de Glassdoor,¬°Ser√≠as
2023-08-19,23:21:02,23h-24h,Saturday,noreply@glassdoor.com,Empleos de Glassdoor,Data Analyst en AXA y 17 empleos 
2023-08-19,23:16:36,23h-24h,Saturday,noreply@glassdoor.com,Empleos de Glassdoor,"Nuevos empleos en Mexico Beach, FL. "
2023-08-19,06:13:43,06h-07h,Saturday,noreply@glassdoor.com,Empleos de Glassdoor,¬°Ser√≠as
2023-08-18,23:19:30,23h-24h,Friday,noreply@glassdoor.com,Empleos de Glassdoor,Data Analyst en Copeland y 17 empleos 
2023-08-18,23:15:46,23h-24h,Friday,noreply@glassdoor.com,Empleos de Glassdoor,"Nuevos empleos en Mexico Beach, FL. "
2023-08-18,08:44:06,08h-09h,Friday,noreply@glassdoor.com,Empleos de Glassdoor,¬°Ser√≠as
2023-08-17,19:31:34,19h-20h,Thursday,Coursera@email.coursera.org,Coursera,Get your Microsoft Cybersecurity Certificate
2023-08-17,23:43:01,23h-24h,Thursday,noreply@glassdoor.com,Empleos de Glassdoor,Data Analyst Sr. en MOVIRO y 18 empleos 
2023-08-17,23:39:48,23h-24h,Thursday,noreply@glassdoor.com,Empleos de Glassdoor,"Nuevos empleos en Mexico Beach, FL. "
2023-08-17,14:48:28,14h-15h,Thursday,no-reply@accounts.google.com,Google Accounts Team,Updating our Google Account inactivity policy
2023-08-17,15:02:59,15h-16h,Thursday,Coursera@email.coursera.org,Coursera Plus,JUST IN: Your Coursera Plus newsletter
2023-08-17,05:25:01,05h-06h,Thursday,noreply@glassdoor.com,Empleos de Glassdoor,¬°Ser√≠as
2023-08-16,23:32:32,23h-24h,Wednesday,noreply@glassdoor.com,Empleos de Glassdoor,Data Analyst en Ericsson-Worldwide y 16 empleos 
2023-08-16,23:29:25,23h-24h,Wednesday,noreply@glassdoor.com,Empleos de Glassdoor,"Nuevos empleos en Mexico Beach, FL. "
2023-08-16,11:26:21,11h-12h,Wednesday,Coursera@email.coursera.org,Coursera,Earn a certificate from a world-class university
2023-08-16,06:41:19,06h-07h,Wednesday,noreply@glassdoor.com,Empleos de Glassdoor,¬°Ser√≠as
2023-08-15,23:50:50,23h-24h,Tuesday,noreply@glassdoor.com,Empleos de Glassdoor,Data Analyst Sr. en MOVIRO y 17 empleos 
2023-08-15,23:47:40,23h-24h,Tuesday,noreply@glassdoor.com,Empleos de Glassdoor,"Nuevos empleos en Mexico Beach, FL. "
2023-08-15,03:34:00,03h-04h,Tuesday,noreply@glassdoor.com,Empleos de Glassdoor,¬°Ser√≠as
2023-08-14,23:43:49,23h-24h,Monday,noreply@glassdoor.com,Empleos de Glassdoor,Data Analyst en NetLogistiK y 18 empleos 
2023-08-14,23:40:34,23h-24h,Monday,noreply@glassdoor.com,Empleos de Glassdoor,"Nuevos empleos en Mexico Beach, FL. "
2023-08-14,16:58:35,16h-17h,Monday,info@meetup.com,Meetup,Top suggestions for you this week
2023-08-14,02:43:08,02h-03h,Monday,noreply@glassdoor.com,Empleos de Glassdoor,¬°Ser√≠as
2023-08-13,23:21:59,23h-24h,Sunday,noreply@glassdoor.com,Empleos de Glassdoor,Data Analyst en Ericsson-Worldwide y 19 empleos 
2023-08-13,23:19:19,23h-24h,Sunday,noreply@glassdoor.com,Empleos de Glassdoor,"Nuevos empleos en Mexico Beach, FL. "
2023-08-12,23:21:21,23h-24h,Saturday,noreply@glassdoor.com,Empleos de Glassdoor,Data Analyst // 
2023-08-12,23:17:14,23h-24h,Saturday,noreply@glassdoor.com,Empleos de Glassdoor,"Nuevos empleos en Mexico Beach, FL. "
2023-08-12,05:46:09,05h-06h,Saturday,noreply@glassdoor.com,Empleos de Glassdoor,¬°Ser√≠as
2023-08-11,23:56:43,23h-24h,Friday,noreply@glassdoor.com,Empleos de Glassdoor,Data Analyst en Wood Mackenzie y 17 empleos 
2023-08-11,23:52:35,23h-24h,Friday,noreply@glassdoor.com,Empleos de Glassdoor,"Nuevos empleos en Mexico Beach, FL. "
2023-08-11,13:43:09,13h-14h,Friday,noreply@kaggle.com,Kaggle,Introducing Meta Kaggle for Code: A New Open Dataset for ML
2023-08-11,08:41:53,08h-09h,Friday,noreply@glassdoor.com,Empleos de Glassdoor,¬°Ser√≠as
2023-08-11,01:00:03,01h-02h,Friday,noreply@glassdoor.com,Empleos de Glassdoor,2 empleos a los que te postulaste 
2023-08-10,23:57:21,23h-24h,Thursday,noreply@glassdoor.com,Empleos de Glassdoor,Data Analyst en Atrato y 17 empleos 
2023-08-10,23:55:22,23h-24h,Thursday,noreply@glassdoor.com,Empleos de Glassdoor,"Nuevos empleos en Mexico Beach, FL. "
2023-08-10,15:13:05,15h-16h,Thursday,Coursera@email.coursera.org,Coursera,"According to employers, 60% of workers will need..."
2023-08-10,15:02:25,15h-16h,Thursday,Coursera@email.coursera.org,Coursera Plus,Ways to achieve your salary and promotion goals
2023-08-09,23:44:34,23h-24h,Wednesday,noreply@glassdoor.com,Empleos de Glassdoor,Data Analyst en CONSISS SA DE CV y 16 empleos 
2023-08-09,23:41:32,23h-24h,Wednesday,noreply@glassdoor.com,Empleos de Glassdoor,"Nuevos empleos en Mexico Beach, FL. "
2023-08-09,08:27:33,08h-09h,Wednesday,noreply@glassdoor.com,Empleos de Glassdoor,¬°Ser√≠as
2023-08-09,00:12:50,00h-01h,Wednesday,noreply@glassdoor.com,Empleos de Glassdoor,Data Analyst Junior en Belieff y 17 empleos 
2023-08-09,00:09:35,00h-01h,Wednesday,noreply@glassdoor.com,Empleos de Glassdoor,"Nuevos empleos en Mexico Beach, FL. "
2023-08-07,23:31:33,23h-24h,Monday,noreply@glassdoor.com,Empleos de Glassdoor,Data Analyst Sr en Groupe Rocher y 18 empleos 
2023-08-07,23:27:49,23h-24h,Monday,noreply@glassdoor.com,Empleos de Glassdoor,"Nuevos empleos en Mexico Beach, FL. "
2023-08-07,20:00:28,20h-21h,Monday,info@meetup.com,Meetup,Top suggestions for you this week
2023-08-07,07:47:40,07h-08h,Monday,noreply@kaggle.com,Kaggle,Competition Launch: RSNA 2023 Abdominal Trauma Detection
2023-08-07,07:03:17,07h-08h,Monday,Coursera@email.coursera.org,Coursera Plus,Recommended: Marketing Analytics Foundation
2023-08-07,06:26:21,06h-07h,Monday,noreply@glassdoor.com,Empleos de Glassdoor,¬°Ser√≠as
2023-08-07,06:00:23,06h-07h,Monday,noreply@posit.cloud,posit.cloud,Your Posit Cloud compute hours limit has been reached
2023-08-06,23:20:26,23h-24h,Sunday,noreply@glassdoor.com,Empleos de Glassdoor,Data Analyst en INAVANT SA de CV y 19 empleos 
2023-08-06,23:17:41,23h-24h,Sunday,noreply@glassdoor.com,Empleos de Glassdoor,"Nuevos empleos en Mexico Beach, FL. "
2023-08-06,07:33:26,07h-08h,Sunday,noreply@glassdoor.com,Empleos de Glassdoor,¬°Ser√≠as
2023-08-05,23:20:13,23h-24h,Saturday,noreply@glassdoor.com,Empleos de Glassdoor,Data Science Analytics Analyst en Liverpool y 19 empleos
2023-08-05,23:16:15,23h-24h,Saturday,noreply@glassdoor.com,Empleos de Glassdoor,"Nuevos empleos en Mexico Beach, FL. "
2023-08-05,07:07:41,07h-08h,Saturday,noreply@glassdoor.com,Empleos de Glassdoor,¬°Ser√≠as
2023-08-04,23:26:35,23h-24h,Friday,noreply@glassdoor.com,Empleos de Glassdoor,"Nuevos empleos en Mexico Beach, FL. "
2023-08-04,23:24:53,23h-24h,Friday,noreply@glassdoor.com,Empleos de Glassdoor,CONCUR Analyst en Taltere y 19 empleos 
2023-08-04,00:08:21,00h-01h,Friday,noreply@glassdoor.com,Empleos de Glassdoor,Data Science Analytics Analyst en Liverpool y 18 empleos
2023-08-04,00:06:05,00h-01h,Friday,noreply@glassdoor.com,Empleos de Glassdoor,"Nuevos empleos en Mexico Beach, FL. "
2023-08-03,15:01:20,15h-16h,Thursday,Coursera@email.coursera.org,Coursera Plus,New edition! Learning Plus: your Coursera Plus newsletter
2023-08-03,13:55:37,13h-14h,Thursday,noreply@kaggle.com,Kaggle,[New] Introducing the Kaggle Competitions Research Grants Program 
2023-08-03,17:03:41,17h-18h,Thursday,ivan@mail.notion.so,Ivan Zhao,Notion 2.32
2023-08-03,09:06:11,09h-10h,Thursday,noreply@glassdoor.com,Empleos de Glassdoor,¬°Ser√≠as
2023-08-03,04:05:15,04h-05h,Thursday,member@surveymonkeyuser.com,opuralena@coursera.org via SurveyMonkey,Invitation: Paid Coursera study
2023-08-03,00:55:08,00h-01h,Thursday,noreply@glassdoor.com,Empleos de Glassdoor,Data Analyst en Solicitamos y 18 empleos 
2023-08-03,00:53:04,00h-01h,Thursday,noreply@glassdoor.com,Empleos de Glassdoor,"Nuevos empleos en Mexico Beach, FL. "
2023-08-02,13:08:32,13h-14h,Wednesday,noreply@kaggle.com,Kaggle,"[Starter Notebook] < 3 weeks left to join Google's American Sign
 Language Fingerspelling Recognition Competition"
2023-08-02,11:21:11,11h-12h,Wednesday,Coursera@email.coursera.org,Coursera,Grow your career with job-ready learning
2023-08-02,07:51:54,07h-08h,Wednesday,jobalerts-noreply@linkedin.com,LinkedIn Job Alerts,Samekj: We‚Äôve turned off your job alert for data analyst in Europe
2023-08-02,07:51:55,07h-08h,Wednesday,jobalerts-noreply@linkedin.com,LinkedIn Job Alerts,Samekj: We‚Äôve turned off your job alert for data scientist in Europe
2023-08-02,07:51:54,07h-08h,Wednesday,jobalerts-noreply@linkedin.com,LinkedIn Job Alerts,Samekj: We‚Äôve turned off your job alert for data scientist in United States
2023-08-02,07:51:54,07h-08h,Wednesday,jobalerts-noreply@linkedin.com,LinkedIn Job Alerts,Samekj: We‚Äôve turned off your job alert for data analyst in United States
2023-08-02,02:31:28,02h-03h,Wednesday,noreply@glassdoor.com,Empleos de Glassdoor,¬°Ser√≠as
2023-08-02,02:03:04,02h-03h,Wednesday,noreply@glassdoor.com,Empleos de Glassdoor,Data Science Analytics Analyst en Liverpool y 16 empleos
2023-08-02,01:59:41,01h-02h,Wednesday,noreply@glassdoor.com,Empleos de Glassdoor,"Nuevos empleos en Mexico Beach, FL. "
2023-08-02,00:02:16,00h-01h,Wednesday,noreply@glassdoor.com,Empleos de Glassdoor,2 empleos a los que te postulaste 
2023-08-01,20:47:00,20h-21h,Tuesday,envios@estadosdecuentatotalplay.com.mx,Totalplay,Estados de Cuenta Totalplay
2023-08-01,14:03:29,14h-15h,Tuesday,info@bethematch.org.mx,Be The Match¬Æ M√©xico,"ER SAMEKJ, ¬°S√∫mate como voluntario!"
2023-08-01,09:13:38,09h-10h,Tuesday,linkedin@e.linkedin.com,LinkedIn,"Samekj, land your next job on LinkedIn."
2023-08-01,12:20:36,12h-13h,Tuesday,pia@soyhenry.com,Pia Cadena,¬°Queremos conocerte mejor! ¬øTen√©s 5 minutos?üíõ
2023-08-01,02:28:36,02h-03h,Tuesday,noreply@glassdoor.com,Empleos de Glassdoor,¬°Ser√≠as
2023-07-31,23:17:21,23h-24h,Monday,noreply@glassdoor.com,Empleos de Glassdoor,Data Analyst en MioDottore y 18 empleos 
2023-07-31,23:14:31,23h-24h,Monday,noreply@glassdoor.com,Empleos de Glassdoor,"Nuevos empleos en Mexico Beach, FL. "
2023-07-31,19:55:51,19h-20h,Monday,info@meetup.com,Meetup,Top suggestions for you this week
2023-07-31,07:17:12,07h-08h,Monday,Coursera@email.coursera.org,Coursera Plus,Trending this week at Coursera
2023-07-31,01:02:12,01h-02h,Monday,noreply@glassdoor.com,Empleos de Glassdoor,¬°Ser√≠as
2023-07-30,23:27:45,23h-24h,Sunday,noreply@glassdoor.com,Empleos de Glassdoor,Data Analyst en MioDottore y 16 empleos 
2023-07-30,23:24:54,23h-24h,Sunday,noreply@glassdoor.com,Empleos de Glassdoor,"Nuevos empleos en Mexico Beach, FL. "
2023-07-30,01:35:56,01h-02h,Sunday,noreply@glassdoor.com,Empleos de Glassdoor,¬°Ser√≠as
2023-07-29,23:21:13,23h-24h,Saturday,noreply@glassdoor.com,Empleos de Glassdoor,Data Analyst en MioDottore y 15 empleos 
2023-07-29,23:17:33,23h-24h,Saturday,noreply@glassdoor.com,Empleos de Glassdoor,"Nuevos empleos en Mexico Beach, FL. "
2023-07-29,10:00:25,10h-11h,Saturday,noreply@glassdoor.com,Empleos de Glassdoor,Post√∫late
2023-07-28,23:26:15,23h-24h,Friday,noreply@glassdoor.com,Empleos de Glassdoor,"Nuevos empleos en Mexico Beach, FL. "
2023-07-28,23:25:27,23h-24h,Friday,noreply@glassdoor.com,Empleos de Glassdoor,Data Analyst en Ericsson-Worldwide y 17 empleos 
2023-07-28,11:12:12,11h-12h,Friday,noreply@glassdoor.com,Empleos de Glassdoor,¬°Ser√≠as
2023-07-27,23:18:49,23h-24h,Thursday,noreply@glassdoor.com,Empleos de Glassdoor,Data Analyst Senior en Duccio Marketing y 18 empleos
2023-07-27,23:16:02,23h-24h,Thursday,noreply@glassdoor.com,Empleos de Glassdoor,"Nuevos empleos en Mexico Beach, FL. "
2023-07-27,15:03:46,15h-16h,Thursday,Coursera@email.coursera.org,Coursera Plus,Something special for Coursera Plus learners
2023-07-27,08:17:33,08h-09h,Thursday,linkedin@e.linkedin.com,LinkedIn,"Samekj, find your next job."
2023-07-27,10:29:18,10h-11h,Thursday,noreply@glassdoor.com,Empleos de Glassdoor,¬°Ser√≠as
2023-07-26,23:21:36,23h-24h,Wednesday,noreply@glassdoor.com,Empleos de Glassdoor,Data Analyst Senior en Duccio Marketing y 16 empleos
2023-07-26,23:18:40,23h-24h,Wednesday,noreply@glassdoor.com,Empleos de Glassdoor,"Nuevos empleos en Mexico Beach, FL. "
2023-07-26,15:49:49,15h-16h,Wednesday,Coursera@email.coursera.org,Coursera,"Choose from affordable, flexible learning programs"
2023-07-26,10:17:28,10h-11h,Wednesday,noreply@kaggle.com,Kaggle,[New Awards] $100K+ to Support High-Quality Solution Write-Ups Authors
2023-07-26,01:51:55,01h-02h,Wednesday,noreply@glassdoor.com,Empleos de Glassdoor,¬øC√≥mo va tu b√∫squeda
2023-07-26,01:36:58,01h-02h,Wednesday,noreply@glassdoor.com,Empleos de Glassdoor,¬°Ser√≠as
2023-07-25,23:51:23,23h-24h,Tuesday,noreply@glassdoor.com,Empleos de Glassdoor,¬øC√≥mo va tu b√∫squeda
2023-07-25,23:30:11,23h-24h,Tuesday,jobalerts-noreply@linkedin.com,LinkedIn Job Alerts,"Samekj: Still want your job alert for data analyst in United
 States?"
2023-07-25,23:30:11,23h-24h,Tuesday,jobalerts-noreply@linkedin.com,LinkedIn Job Alerts,"Samekj: Still want your job alert for data scientist in United
 States?"
2023-07-25,23:30:11,23h-24h,Tuesday,jobalerts-noreply@linkedin.com,LinkedIn Job Alerts,Samekj: Still want your job alert for data scientist in Europe?
2023-07-25,23:30:11,23h-24h,Tuesday,jobalerts-noreply@linkedin.com,LinkedIn Job Alerts,Samekj: Still want your job alert for data analyst in Europe?
2023-07-25,23:20:02,23h-24h,Tuesday,noreply@glassdoor.com,Empleos de Glassdoor,Data Analyst en NetLogistiK y 16 empleos 
2023-07-25,23:17:13,23h-24h,Tuesday,noreply@glassdoor.com,Empleos de Glassdoor,"Nuevos empleos en Mexico Beach, FL. "
2023-07-24,23:36:01,23h-24h,Monday,noreply@glassdoor.com,Empleos de Glassdoor,Data Analyst en MioDottore y 17 empleos 
2023-07-24,23:33:24,23h-24h,Monday,noreply@glassdoor.com,Empleos de Glassdoor,"Nuevos empleos en Mexico Beach, FL. "
2023-07-24,16:45:46,16h-17h,Monday,alumnos@soyhenry.com,,¬øSigues en Henry? Checkpoint desaprobado ausente Proyecto Individual - DataFT12
2023-07-24,17:00:20,17h-18h,Monday,info@meetup.com,Meetup,Top suggestions for you this week
2023-07-24,07:22:31,07h-08h,Monday,Coursera@email.coursera.org,Coursera Plus,Trending this week at Coursera
2023-07-24,03:19:26,03h-04h,Monday,noreply@glassdoor.com,Empleos de Glassdoor,¬°Ser√≠as
2023-07-23,23:19:31,23h-24h,Sunday,noreply@glassdoor.com,Empleos de Glassdoor,Data Analyst en NetLogistiK y 17 empleos 
2023-07-23,23:15:52,23h-24h,Sunday,noreply@glassdoor.com,Empleos de Glassdoor,"Nuevos empleos en Mexico Beach, FL. "
2023-07-23,07:00:10,07h-08h,Sunday,noreply@glassdoor.com,Empleos de Glassdoor,Post√∫late
2023-07-23,03:00:13,03h-04h,Sunday,noreply@glassdoor.com,Empleos de Glassdoor,2 empleos a los que te postulaste 
2023-07-22,23:19:16,23h-24h,Saturday,noreply@glassdoor.com,Empleos de Glassdoor,Data Analyst en MioDottore y 19 empleos 
2023-07-22,23:15:33,23h-24h,Saturday,noreply@glassdoor.com,Empleos de Glassdoor,"Nuevos empleos en Mexico Beach, FL. "
2023-07-22,11:06:21,11h-12h,Saturday,linkedin@e.linkedin.com,LinkedIn Sales Solution,"Samekj, thanks for checking us out"
2023-07-21,23:35:17,23h-24h,Friday,noreply@glassdoor.com,Empleos de Glassdoor,Data Analyst Sr/ 
2023-07-21,23:31:13,23h-24h,Friday,noreply@glassdoor.com,Empleos de Glassdoor,"Nuevos empleos en Mexico Beach, FL. "
2023-07-20,14:27:33,14h-15h,Thursday,Coursera@email.coursera.org,Coursera,The Microsoft Cybersecurity Certificate has arrived
2023-07-20,16:31:52,16h-17h,Thursday,noreply@glassdoor.com,Glassdoor,"Tala,Tala,Tala: postularse ahora"
2023-07-20,16:22:42,16h-17h,Thursday,noreply@glassdoor.com,Empleos de Glassdoor,Data Analyst en Infinita Consulting y 17 empleos 
2023-07-20,16:14:08,16h-17h,Thursday,noreply@glassdoor.com,Glassdoor Jobs,"CNA Energy Analyst / Data Analyst at Peerless Technologies and 3 more
 jobs in Mexico Beach, FL for you. Apply Now."
2023-07-19,11:28:22,11h-12h,Wednesday,linkedin@e.linkedin.com,LinkedIn,"Samekj, thanks for being a valued member"
2023-07-19,13:20:32,13h-14h,Wednesday,noreply@kaggle.com,Kaggle,Competition Launch: Bengali.AI Speech Recognition
2023-07-19,04:15:54,04h-05h,Wednesday,linkedin@e.linkedin.com,LinkedIn,"Want to work at Qendar, Marketing Humano para una Sociedad Mejor?"
2023-07-18,18:17:55,18h-19h,Tuesday,annie.phan@datastax.com,Annie Phan,Vector Search Now GA in Astra DB Across All Clouds
2023-07-18,13:08:45,13h-14h,Tuesday,alumnos@soyhenry.com,Alumnos Henry,Cambios en nuestra pol√≠tica de privacidad
2023-07-17,16:03:59,16h-17h,Monday,info@meetup.com,Meetup,Top suggestions for you this week
2023-07-17,07:11:58,07h-08h,Monday,Coursera@email.coursera.org,Coursera Plus,Trending this week at Coursera
2023-07-14,03:08:00,03h-04h,Friday,noreply@databricks.com,Databricks,Action Required for your Databricks Community Edition Account
2023-07-11,06:08:33,06h-07h,Tuesday,linkedin@e.linkedin.com,LinkedIn,"Samekj, find your next job."
2023-07-10,18:49:53,18h-19h,Monday,info@meetup.com,Meetup,Top suggestions for you this week
2023-07-10,07:03:23,07h-08h,Monday,Coursera@email.coursera.org,Coursera Plus,Trending this week at Coursera
2023-07-08,19:26:48,19h-20h,Saturday,informacion@totalplay.com.mx,Informaci√≥n Totalplay,Actualizaci√≥n de contrase√±a Totalplay
2023-07-09,01:21:51,01h-02h,Sunday,informacion@totalplay.com.mx,,TotalPlay codigo
2023-07-07,17:38:33,17h-18h,Friday,noreply@databricks.com,Databricks,Action Required for your Databricks Community Edition Account
2023-07-05,15:48:41,15h-16h,Wednesday,Microsoft@e-mail.microsoft.com,Microsoft,Coming Soon! The Microsoft Learn AI Skills Challenge
2023-07-05,15:47:57,15h-16h,Wednesday,informacion@totalplay.com.mx,,Confirmaci√≥n de pago de servicio Mi Totalplay
2023-07-03,19:14:45,19h-20h,Monday,info@meetup.com,Meetup,Top suggestions for you this week
2023-07-03,09:05:18,09h-10h,Monday,Coursera@email.coursera.org,Coursera Plus,Still open: Share Data Through the Art of Visualization with Google
2023-07-03,07:17:24,07h-08h,Monday,Coursera@email.coursera.org,Coursera Plus,Trending this week at Coursera
2023-07-01,17:32:45,17h-18h,Saturday,envios@estadosdecuentatotalplay.com.mx,Totalplay,Estados de Cuenta Totalplay
2023-07-01,16:06:01,16h-17h,Saturday,info@email.meetup.com,Meetup,üì£
2023-07-01,00:34:47,00h-01h,Saturday,noreply@databricks.com,Databricks,Action Required for your Databricks Community Edition Account
2023-06-30,19:08:42,19h-20h,Friday,info@email.meetup.com,Meetup,üì£
2023-06-29,19:30:51,19h-20h,Thursday,drive-shares-dm-noreply@google.com,tortuga marina (via Google Sheets),"Share request for ""Salidas de Beni"""
2023-06-28,14:59:13,14h-15h,Wednesday,noreply@kaggle.com,Kaggle,[Reminder] 1 Week Left to Participate in the AI Report Competition 2023
2023-06-28,18:53:50,18h-19h,Wednesday,ivan@mail.notion.so,Ivan Zhao,Notion 2.31: New Template Gallery
2023-06-28,12:01:59,12h-13h,Wednesday,info@email.meetup.com,Meetup,Community can change your life
2023-06-26,15:55:09,15h-16h,Monday,no-reply@t.mail.coursera.org,Coursera,Welcome to Coursera Lite
2023-06-26,15:38:00,15h-16h,Monday,info@meetup.com,Meetup,Top suggestions for you this week
2023-06-26,07:06:44,07h-08h,Monday,Coursera@email.coursera.org,Coursera Plus,Trending this week at Coursera
2023-06-25,04:15:44,04h-05h,Sunday,no-reply@t.mail.coursera.org,Coursera,[Urgent] Payment issue: Your plan will be canceled tomorrow
2023-06-24,10:23:35,10h-11h,Saturday,no-reply@indeed.com,Indeed,El mejor consejo para llamar la atenci√≥n de una empresa
2023-06-22,17:31:55,17h-18h,Thursday,ivan@mail.notion.so,Ivan Zhao,Notion 2.31: New Template Gallery
2023-06-20,04:15:19,04h-05h,Tuesday,no-reply@t.mail.coursera.org,Coursera,Payment problem: We‚Äôre having trouble processing your recurring payment
2023-06-19,17:39:28,17h-18h,Monday,info@meetup.com,Meetup,Top suggestions for you this week
2023-06-19,07:04:08,07h-08h,Monday,Coursera@email.coursera.org,Coursera Plus,Trending this week at Coursera
2023-06-18,08:22:11,08h-09h,Sunday,no-reply@t.mail.coursera.org,Coursera,"Congratulations, Your Certificate is Ready!"
2023-06-18,08:22:11,08h-09h,Sunday,no-reply@t.mail.coursera.org,Coursera,You completed Process Data from Dirty to Clean!
2023-06-14,16:55:30,16h-17h,Wednesday,alumnos@soyhenry.com,HENRY,Henry cumple tres a√±os y tenemos algo para contarte‚ú®üëÄ
2023-06-13,03:57:10,03h-04h,Tuesday,info@email.meetup.com,Meetup,Find community from anywhere 
2023-06-12,14:54:57,14h-15h,Monday,noreply@kaggle.com,Kaggle,Apply to Be a Kagglex Mentor - We‚Äôre Seeking 100 More Mentors!
2023-06-12,19:24:15,19h-20h,Monday,no-reply@m.mail.coursera.org,Coursera,Your learning insights in Process Data from Dirty to Clean
2023-06-12,14:32:30,14h-15h,Monday,info@meetup.com,Meetup,Top suggestions for you this week
2023-06-12,07:18:47,07h-08h,Monday,Coursera@email.coursera.org,Coursera Plus,Trending this week at Coursera
2023-06-10,11:01:31,11h-12h,Saturday,Coursera@email.coursera.org,Coursera,4-minute Coursera Plus survey
2023-06-09,03:08:36,03h-04h,Friday,info@email.meetup.com,Meetup,5 ways you should be using ChatGPT 
2023-06-08,03:57:03,03h-04h,Thursday,info@email.meetup.com,Meetup,A note from 
2023-06-07,02:49:33,02h-03h,Wednesday,no-reply@accounts.google.com,Google,Security alert
2023-06-06,13:48:42,13h-14h,Tuesday,informacion@totalplay.com.mx,Informaci√≥n Totalplay,ESTADO DE CUENTA TOTALPLAY
2023-06-06,13:48:16,13h-14h,Tuesday,informacion@totalplay.com.mx,Informaci√≥n Totalplay,ESTADO DE CUENTA TOTALPLAY
2023-06-06,15:42:45,15h-16h,Tuesday,no-reply@m.mail.coursera.org,Coursera,Todav√≠a tienes plazo para aplicar
2023-06-06,12:45:55,12h-13h,Tuesday,no-reply@m.mail.coursera.org,Coursera,IIT Roorkee Executive MBA: Unlock new opportunities for advancement
2023-06-05,18:17:24,18h-19h,Monday,alumnos@soyhenry.com,,Migraci√≥n confirmada
2023-06-05,21:36:52,21h-22h,Monday,ivan@mail.notion.so,Ivan Zhao,Notion 2.30: Project Management
2023-06-05,19:21:34,19h-20h,Monday,no-reply@m.mail.coursera.org,Coursera,Check out your progress
2023-06-05,09:06:58,09h-10h,Monday,Coursera@email.coursera.org,Coursera Plus,Enroll today: Process Data from Dirty to Clean with Google
2023-06-05,14:12:59,14h-15h,Monday,info@meetup.com,Meetup,Top suggestions for you this week
2023-06-05,07:35:05,07h-08h,Monday,Coursera@email.coursera.org,Coursera Plus,Trending this week at Coursera
2023-06-05,03:57:00,03h-04h,Monday,info@email.meetup.com,Meetup,Your next 
2023-06-02,10:02:35,10h-11h,Friday,Coursera@email.coursera.org,Coursera,You‚Äôve completed Prepare Data for Exploration
2023-06-02,03:06:04,03h-04h,Friday,info@email.meetup.com,Meetup,Pride is here! Read about LGBTQ+ groups on Meetup
2023-06-01,13:40:01,13h-14h,Thursday,Coursera@email.coursera.org,Coursera,Break into AI. Here‚Äôs how...
2023-06-01,18:16:06,18h-19h,Thursday,envios@estadosdecuentatotalplay.com.mx,Totalplay,Estados de Cuenta Totalplay
2023-06-01,01:56:41,01h-02h,Thursday,info@meetup.com,Meetup,"Samekj Jurado, what do you want to meetup about in"
2023-05-31,11:07:28,11h-12h,Wednesday,linkedin@e.linkedin.com,LinkedIn Sales Solution,"Samekj, thanks for checking us out"
2023-05-31,16:06:24,16h-17h,Wednesday,Coursera@email.coursera.org,Coursera,Earn a Master of Applied Data Science - 100% online
2023-05-31,07:56:48,07h-08h,Wednesday,no-reply@t.mail.coursera.org,Coursera,"Congratulations, Your Certificate is Ready!"
2023-05-31,07:56:48,07h-08h,Wednesday,no-reply@t.mail.coursera.org,Coursera,You completed Prepare Data for Exploration!
2023-05-31,03:56:54,03h-04h,Wednesday,info@email.meetup.com,Meetup,List your interests for better recs 
2023-05-31,03:17:23,03h-04h,Wednesday,no-reply@t.mail.coursera.org,Coursera,Get started with your first lecture
2023-05-30,18:13:33,18h-19h,Tuesday,no-reply@m.mail.coursera.org,Coursera,Build your roadmap to success with SPJIMR 
2023-05-30,15:37:17,15h-16h,Tuesday,no-reply@m.mail.coursera.org,Coursera,Advance Your Career with a University of Leeds Degree
2023-05-30,01:28:16,01h-02h,Tuesday,alumnos@soyhenry.com,,¬øSigues en Henry? Checkpoint desaprobado ausente Proyecto Individual - DataFT10
2023-05-30,03:56:48,03h-04h,Tuesday,info@email.meetup.com,Meetup,üôå Welcome to Meetup! Let‚Äôs
2023-05-29,19:15:37,19h-20h,Monday,no-reply@m.mail.coursera.org,Coursera,Your learning summary
2023-05-29,09:03:26,09h-10h,Monday,Coursera@email.coursera.org,Coursera Plus,Still open: Process Data from Dirty to Clean with Google
2023-05-29,07:03:48,07h-08h,Monday,Coursera@email.coursera.org,Coursera Plus,Trending this week at Coursera
2023-05-27,07:58:28,07h-08h,Saturday,no-reply@accounts.google.com,Google,Security alert
2023-05-27,02:59:54,02h-03h,Saturday,admisiones@soyhenry.com,HENRY,Participa del curso introductorio a FullStack en vivo üöÄ
2023-05-26,08:03:12,08h-09h,Friday,Coursera@email.coursera.org,Coursera,[New guide] Build & scale workforce development programs
2023-05-25,18:51:48,18h-19h,Thursday,Coursera@email.coursera.org,Coursera,Interested in becoming a project manager?
2023-05-25,13:00:47,13h-14h,Thursday,bpretel@centro.edu.mx,Beatrz Eugenia Pretel Orejuela,Ya es HOY | Te espero en ENFOQUE CENTRO
2023-05-24,13:17:27,13h-14h,Wednesday,noreply@kaggle.com,Kaggle,Competition Launch: HuBMAP - Hacking the Human Vasculature
2023-05-24,12:59:30,12h-13h,Wednesday,info@bethematch.org.mx,Be The Match¬Æ M√©xico,"¬°GRACIAS por registrarte, ya eres un #H√©roeEnEspera!"
2023-05-23,18:27:43,18h-19h,Tuesday,no-reply@m.mail.coursera.org,Coursera,Access SPJIMR‚Äôs global alumni network with the PGDM Online
2023-05-23,16:21:08,16h-17h,Tuesday,no-reply@m.mail.coursera.org,Coursera,Apply now to MSc Data Science (Statistics)
2023-05-22,16:05:00,16h-17h,Monday,noreply@github.com,GitHub,[GitHub] Please verify your device
2023-05-22,19:27:28,19h-20h,Monday,no-reply@m.mail.coursera.org,Coursera,Weekly update in Prepare Data for Exploration
2023-05-22,07:06:08,07h-08h,Monday,Coursera@email.coursera.org,Coursera Plus,Trending this week at Coursera
2023-05-19,09:21:27,09h-10h,Friday,noreply@kaggle.com,Kaggle,Competition Launch: AI Report
2023-05-19,12:18:38,12h-13h,Friday,no-reply@t.mail.coursera.org,Coursera,Receipt: Subscription payment #221714591
2023-05-16,16:04:41,16h-17h,Tuesday,no-reply@m.mail.coursera.org,Coursera,Experience Flexibility at a Top B-School
2023-05-16,14:58:27,14h-15h,Tuesday,no-reply@m.mail.coursera.org,Coursera,Conoce la nueva
2023-05-15,19:13:35,19h-20h,Monday,no-reply@m.mail.coursera.org,Coursera,Your progress in Data and Urban Governance
2023-05-15,18:06:56,18h-19h,Monday,no_reply_system@coursera.org,Coursera Support - No Reply,Please let us know how your support experience went! 03877206
2023-05-15,14:01:44,14h-15h,Monday,bpretel@centro.edu.mx,Beatrz Eugenia Pretel Orejuela,Taller Presencial Storytelling de los datos para organizaciones pblicas | CENTRO
2023-05-15,07:07:34,07h-08h,Monday,Coursera@email.coursera.org,Coursera Plus,Trending this week at Coursera
2023-05-13,02:18:06,02h-03h,Saturday,no_reply_system@coursera.org,Coursera Support - No Reply,Please let us know how your support experience went! 03877206
2023-05-12,12:28:16,12h-13h,Friday,noreply@kaggle.com,Kaggle,Competition Launch: ICR - Identifying Age-Related Conditions
2023-05-12,12:09:57,12h-13h,Friday,Coursera@email.coursera.org,Coursera,Discover top job trends with the Coursera Skills Report
2023-05-12,10:02:53,10h-11h,Friday,Coursera@email.coursera.org,Coursera,You‚Äôve completed Ask Questions to Make Data-Driven Decisions
2023-05-12,16:00:32,16h-17h,Friday,no-reply@m.mail.coursera.org,Coursera,Transform your data analysis skills with ISI's online PG Diploma
2023-05-11,14:20:40,14h-15h,Thursday,noreply@kaggle.com,Kaggle,[Opportunity] Apply for the KaggleX BIPOC Mentorship Program
2023-05-11,12:28:18,12h-13h,Thursday,noreply@kaggle.com,Kaggle, Competition Launch: Google ‚Äì American Sign Language Fingerspelling Recognition
2023-05-11,08:57:50,08h-09h,Thursday,noreply@kaggle.com,Kaggle, Competition Launch: Google ‚Äì American Sign Language Fingerspelling Recognition
2023-05-11,02:18:07,02h-03h,Thursday,support@coursera.org,support@coursera.org,Case 03877206 Your issue is now resolved
2023-05-10,12:19:57,12h-13h,Wednesday,noreply@kaggle.com,Kaggle,"Competition Launch: Google Research - Identify Contrails to Reduce
 Global Warming"
2023-05-10,11:44:16,11h-12h,Wednesday,Coursera@email.coursera.org,Coursera,Est√°s invitado: Mag√≠ster en Salud P√∫blica Global's webinar
2023-05-10,02:20:56,02h-03h,Wednesday,no-reply@t.mail.coursera.org,Coursera,"Congratulations, Your Certificate is Ready!"
2023-05-10,02:20:56,02h-03h,Wednesday,no-reply@t.mail.coursera.org,Coursera,You completed Ask Questions to Make Data-Driven Decisions!
2023-05-09,13:01:30,13h-14h,Tuesday,bpretel@centro.edu.mx,Beatrz Eugenia Pretel Orejuela,La empleabilidad de los visualizadores de datos | Posgrados CENTRO
2023-05-09,07:05:14,07h-08h,Tuesday,no-reply@m.mail.coursera.org,Coursera,[Friday @ 6PM] Live Q&A session with O.P. Jindal Global University
2023-05-08,14:19:35,14h-15h,Monday,noreply@kaggle.com,Kaggle,[Last Call] Registration Ends Tomorrow for Google I/O
2023-05-08,19:16:58,19h-20h,Monday,no-reply@m.mail.coursera.org,Coursera,Learning summary: Week of May 1
2023-05-08,07:04:07,07h-08h,Monday,Coursera@email.coursera.org,Coursera Plus,Trending this week at Coursera
2023-05-07,02:23:47,02h-03h,Sunday,support@coursera.org,support@coursera.org,Reminder regarding case 03877206
2023-05-05,20:40:44,20h-21h,Friday,no-reply@m.mail.coursera.org,Coursera,Conoce la universidad No. 1 de Colombia
2023-05-05,12:09:56,12h-13h,Friday,Coursera@email.coursera.org,Coursera,Empower teams with Essential Skills Collections
2023-05-05,10:00:00,10h-11h,Friday,alumnos@soyhenry.com,Alumnos Henry,HENRY- Checkpoint M6 - DATAFT10
2023-05-05,11:01:31,11h-12h,Friday,no-reply@m.mail.coursera.org,Coursera,Develop an entrepreneurial mindset just in 5 months
2023-05-05,02:17:54,02h-03h,Friday,support@coursera.org,Coursera Support Team,Reaches Coursera
2023-05-03,11:51:45,11h-12h,Wednesday,informacion@totalplay.com.mx,TotalPlay,"TotalPlay, Orden de Servicio"
2023-05-03,09:57:08,09h-10h,Wednesday,noreply@kaggle.com,Kaggle,[Reminder] Don‚Äôt Miss Updates From Kaggle at Google I/O
2023-05-03,05:59:44,05h-06h,Wednesday,no-reply@t.mail.coursera.org,Data and Urban Governance,Welcome to Data and Urban Governance
2023-05-03,05:59:44,05h-06h,Wednesday,no-reply@t.mail.coursera.org,Coursera,Get started with your first lecture
2023-05-02,23:56:13,23h-24h,Tuesday,no-reply@accounts.google.com,Google,Security alert
2023-05-02,16:12:27,16h-17h,Tuesday,envios@estadosdecuentatotalplay.com.mx,Totalplay,Estados de Cuenta Totalplay
2023-05-01,19:13:01,19h-20h,Monday,no-reply@m.mail.coursera.org,Coursera,Your learning insights in Ask Questions to Make Data-Driven Decisions
2023-04-28,12:09:49,12h-13h,Friday,Coursera@email.coursera.org,Coursera,Upskill and reskill teams with Academies
2023-04-28,13:30:11,13h-14h,Friday,ivan@mail.notion.so,Ivan de Notion,¬°Notion ahora est√° disponible en espa√±ol!
2023-04-27,13:40:42,13h-14h,Thursday,ivan@mail.notion.so,Ivan de Notion,¬°Notion ahora est√° disponible en espa√±ol!
2023-04-26,22:15:20,22h-23h,Wednesday,donotreply@indeed.com,Indeed,Ejecutivo en Ventas y Coordinaci√≥n de Log√≠stica / No experiencia requerida en Empire Worldwide Logistics S.A. de C.V.
2023-04-26,22:05:26,22h-23h,Wednesday,donotreply@indeed.com,Indeed,Cientifico de Datos en Universal Flow Controls
2023-04-26,22:00:47,22h-23h,Wednesday,donotreply@indeed.com,Indeed,Programador/a BackEnd-C# en Red Efectiva
2023-04-25,13:38:35,13h-14h,Tuesday,no-reply@m.mail.coursera.org,Coursera,Applications open: Executive MBA from IIT Roorkee
2023-04-24,15:36:27,15h-16h,Monday,Coursera@email.coursera.org,Coursera,Apply your certificate as credits towards your degree
2023-04-24,19:25:35,19h-20h,Monday,no-reply@m.mail.coursera.org,Coursera,Check out your progress
2023-04-24,12:52:14,12h-13h,Monday,Coursera@email.coursera.org,Coursera,Recommended: Supervised Machine Learning: Regression and Classification
2023-04-24,10:03:25,10h-11h,Monday,Coursera@email.coursera.org,Coursera,"You‚Äôve completed Foundations: Data, Data, Everywhere"
2023-04-24,08:40:06,08h-09h,Monday,alumnos@soyhenry.com,,Migraci√≥n confirmada
2023-04-22,21:41:03,21h-22h,Saturday,no-reply@t.mail.coursera.org,Coursera,"You completed Foundations: Data, Data, Everywhere!"
2023-04-22,21:41:03,21h-22h,Saturday,no-reply@t.mail.coursera.org,Coursera,Verify your government-issued ID to receive your certificate
2023-04-21,12:08:58,12h-13h,Friday,Coursera@email.coursera.org,Coursera,Develop high-impact skills for a digital future
2023-04-21,00:06:46,00h-01h,Friday,drive-shares-dm-noreply@google.com,Samekj Jurado (via Google Docs),"Document shared with you: ""Course 1 Week 4 Glossary | DA terms and definitions"""
2023-04-21,00:00:15,00h-01h,Friday,bpretel@centro.edu.mx,Beatrz Eugenia Pretel Orejuela,Invitacin Conversacin Onlive - Infografa de bolsillo | CENTRO
2023-04-19,04:13:34,04h-05h,Wednesday,noreply@kaggle.com,Kaggle,Competition Launch: CAFA 5 Protein Function Prediction
2023-04-17,19:48:53,19h-20h,Monday,visualanalysis@data.tableau.com,Tableau Software,Level up your dashboards - bring your data to life
2023-04-17,15:36:12,15h-16h,Monday,Coursera@email.coursera.org,Coursera,Did you know your certificate can help you earn a degree?
2023-04-17,13:28:41,13h-14h,Monday,noreply@kaggle.com,Kaggle,Competition Launch: Image Matching Challenge 2023
2023-04-17,19:27:06,19h-20h,Monday,no-reply@m.mail.coursera.org,Coursera,Your learning summary
2023-04-17,12:36:57,12h-13h,Monday,Coursera@email.coursera.org,Coursera,Recommended: Supervised Machine Learning: Regression and Classification
2023-04-17,01:22:38,01h-02h,Monday,no-reply@t.mail.coursera.org,Coursera,Don't lose momentum!
2023-04-16,14:02:00,14h-15h,Sunday,Coursera@email.coursera.org,Coursera Plus,"Access 2,700+ hands-on Projects with Coursera Plus"
2023-04-16,02:55:24,02h-03h,Sunday,no-reply@t.mail.coursera.org,Coursera,Don't lose momentum!
2023-04-14,22:23:26,22h-23h,Friday,drive-shares-dm-noreply@google.com,Samekj Jurado (via Google Docs),"Document shared with you: ""Learning Log Template: Reflect on your
 skills and expectations"""
2023-04-14,14:02:08,14h-15h,Friday,Coursera@email.coursera.org,Coursera Plus,Advance your career with in-demand skills
2023-04-13,14:30:26,14h-15h,Thursday,Coursera@email.coursera.org,Coursera,Be the first to explore our brand new programs
2023-04-13,08:21:41,08h-09h,Thursday,noreply@kaggle.com,Kaggle,[Invitation] Join Kaggle at Google I/O
2023-04-12,14:02:16,14h-15h,Wednesday,Coursera@email.coursera.org,Coursera Plus,Welcome to your Coursera free trial
2023-04-12,04:19:07,04h-05h,Wednesday,drive-shares-dm-noreply@google.com,Samekj Jurado (via Google Docs),"Document shared with you: ""Learning Log Template: Consider how data
 analysts approach tasks"""
2023-04-12,00:00:20,00h-01h,Wednesday,bpretel@centro.edu.mx,Beatrz Eugenia Pretel Orejuela,La empleabilidad de los visualizadores de datos | Posgrados CENTRO
2023-04-11,01:33:18,01h-02h,Tuesday,drive-shares-dm-noreply@google.com,Samekj Jurado (via Google Docs),"Document shared with you: ""Learning Log Template: Think about data in
 daily life"""
2023-04-11,01:31:23,01h-02h,Tuesday,drive-shares-dm-noreply@google.com,Samekj Jurado (via Google Docs),"Document shared with you: ""Example.Learning Log: Think about data in
 daily life"""
2023-04-11,00:29:39,00h-01h,Tuesday,no-reply@t.mail.coursera.org,Coursera,Welcome to your Coursera Plus 7-day free trial
2023-04-11,00:29:40,00h-01h,Tuesday,no-reply@t.mail.coursera.org,Coursera,Welcome to the Google Data Analytics!
2023-04-10,12:52:55,12h-13h,Monday,Coursera@email.coursera.org,Coursera,Recommended: Supervised Machine Learning: Regression and Classification
2023-04-07,19:48:33,19h-20h,Friday,visualanalysis@data.tableau.com,Tableau Software,Start your Tableau journey
2023-04-07,09:20:39,09h-10h,Friday,Coursera@email.coursera.org,Coursera,Graduates of this institution have founded 900+ startups
2023-04-06,10:04:31,10h-11h,Thursday,Coursera@email.coursera.org,Coursera,"Discover skill solutions for businesses, universities, and governments"
2023-04-06,09:21:32,09h-10h,Thursday,Coursera@email.coursera.org,Coursera,New! Advanced Certificates from Google
2023-04-06,11:18:56,11h-12h,Thursday,visualanalysis@data.tableau.com,Tableau Public,Tableau Public is better together
2023-04-05,11:03:06,11h-12h,Wednesday,Coursera@email.coursera.org,Coursera,Get qualified to pursue a career in Computer Science
2023-04-05,16:26:40,16h-17h,Wednesday,ivan@mail.notion.so,Ivan at Notion,Notion 2.22: buttons
2023-04-04,14:44:55,14h-15h,Tuesday,pia@soyhenry.com,HENRY,¬øSigues buscando tu BOOM? Te acercamos las herramientas de la semana üí™üí•
2023-04-03,14:09:47,14h-15h,Monday,Coursera@email.coursera.org,Coursera,Recommended: Supervised Machine Learning: Regression and Classification
2023-04-03,16:30:57,16h-17h,Monday,envios@estadosdecuentatotalplay.com.mx,Totalplay,Estados de Cuenta Totalplay
2023-04-03,03:29:05,03h-04h,Monday,no-reply@accounts.google.com,Google,Ahora tu correo electr√≥nico es un correo de recuperaci√≥n para samekj.jurado@gmail.com
2023-04-03,03:28:40,03h-04h,Monday,noreply@google.com,Google,C√≥digo de verificaci√≥n de correo electr√≥nico: 602030
2023-04-02,11:16:32,11h-12h,Sunday,visualanalysis@data.tableau.com,Tableau Public,Unleash your creativity with Tableau Public
2023-04-01,11:03:05,11h-12h,Saturday,Microsoft@e-mail.microsoft.com,Microsoft,The Cloud Skills Challenge is now closed
2023-04-01,00:01:35,00h-01h,Saturday,info@glassdoor.com,Glassdoor,No pierdas la oportunidad de conseguir acceso ilimitado gratis
2023-03-31,23:11:18,23h-24h,Friday,Configuracion.pdv@estafeta.com,,Ticket de Compra SC950037234 2023-03-31
2023-03-31,15:00:32,15h-16h,Friday,noreply@glassdoor.com,Empleos de Glassdoor,Post√∫late
2023-03-30,18:42:07,18h-19h,Thursday,informacion@totalplay.com.mx,TotalPlay,"TotalPlay, Orden de Servicio"
2023-03-30,11:22:56,11h-12h,Thursday,noreply@kaggle.com,Kaggle,Competition Launch: Vesuvius Challenge - Ink Detection
2023-03-29,11:01:43,11h-12h,Wednesday,Learn@mails.microsoft.com,Learn,See what your peers are learning about
2023-03-29,11:14:27,11h-12h,Wednesday,visualanalysis@data.tableau.com,Tableau Public,Start your data visualization journey
2023-03-28,19:48:10,19h-20h,Tuesday,visualanalysis@data.tableau.com,Tableau Software,Drive decisions at the speed of change with Tableau
2023-03-27,15:33:33,15h-16h,Monday,noreply@kaggle.com,Kaggle,Competition Launch: Benetech - Making Graphs Accessible
2023-03-27,11:11:45,11h-12h,Monday,visualanalysis@data.tableau.com,Tableau Public,"Hey data rockstar, welcome to Tableau Public!"
2023-03-27,06:08:56,06h-07h,Monday,no-reply@indeed.com,Indeed,¬øA√∫n est√°s abierto a nuevos puestos?
2023-03-27,01:44:43,01h-02h,Monday,reghelp@tableau.com,Tableau Software Website Support,Tableau Software Account Activation
2023-03-27,00:01:37,00h-01h,Monday,info@glassdoor.com,Glassdoor,Nos 
2023-03-26,20:05:44,20h-21h,Sunday,no-reply@m.mail.coursera.org,Coursera,Still interested in the B.S.G.B?
2023-03-25,23:00:30,23h-24h,Saturday,noreply@glassdoor.com,Glassdoor,El empleo en Charger Logistics Inc sigue disponible.
2023-03-25,17:01:39,17h-18h,Saturday,info@glassdoor.com,Glassdoor,Este es un tema sobre el que sabemos que tienes experiencia
2023-03-25,07:00:47,07h-08h,Saturday,noreply@glassdoor.com,Empleos de Glassdoor,Post√∫late
2023-03-24,17:01:40,17h-18h,Friday,info@glassdoor.com,Glassdoor,Elige tu 
2023-03-24,16:10:58,16h-17h,Friday,bpretel@centro.edu.mx,Beatrz Eugenia Pretel Orejuela,Visualizacin y storytelling de los datos  | Posgrados CENTRO
2023-03-24,14:22:38,14h-15h,Friday,dmuggenburgp@centro.edu.mx,Daniel Mggenburg Prez,Gracias por asistir a da centro! Regstrate al procesode admisin sin costo
2023-03-23,11:02:16,11h-12h,Thursday,Microsoft@e-mail.microsoft.com,Microsoft,The Cloud Skills Challenge is nearly over
2023-03-23,15:03:35,15h-16h,Thursday,info@glassdoor.com,Glassdoor,Te damos la bienvenida. Has llegado al lugar correcto.
2023-03-22,23:15:38,23h-24h,Wednesday,noreply@glassdoor.com,Glassdoor,"Dell Technologies, Charger Logistics Inc:"
2023-03-21,10:10:15,10h-11h,Tuesday,noreply@kaggle.com,Kaggle,Competition Launch: Parkinson‚Äôs Freezing of Gait Prediction
2023-03-19,11:14:04,11h-12h,Sunday,no-reply@kaggle.com,Alexis from Kaggle,"Our free, hands-on data science courses"
2023-03-17,21:02:23,21h-22h,Friday,no-reply@m.mail.coursera.org,Coursera,Special offer: free courses to get you started
2023-03-17,10:12:49,10h-11h,Friday,alexiscook@google.com,Alexis from Kaggle,You‚Äôre officially a Kaggler. Now what?
2023-03-10,13:17:52,13h-14h,Friday,avisos@campaign.totalplay.com.mx,Avisos Totalplay,¬øYa conoces Totalplay TV?
2023-03-09,13:17:49,13h-14h,Thursday,avisos@campaign.totalplay.com.mx,Avisos Totalplay,¬øQuieres ganar incre√≠bles premios?
2023-03-09,19:13:23,19h-20h,Thursday,team@deta.sh,Deta,"Deta Space News: Hack Your Notes, New CLI & Community Call"
2023-03-09,06:01:45,06h-07h,Thursday,Learn@mails.microsoft.com,Learn,Get inspired with free training and documentation
2023-03-08,06:03:24,06h-07h,Wednesday,linkedin@e.linkedin.com,LinkedIn,"Samekj, thanks for being a valued member"
2023-03-08,03:51:41,03h-04h,Wednesday,linkedin@e.linkedin.com,Nikita @ LinkedIn Learning,"Samekj, redeem these three (3) unlocked courses - offer expires in 7 days"
2023-03-06,18:44:05,18h-19h,Monday,ivan@mail.notion.so,Ivan Zhao,You just got access to Notion AI
2023-03-05,21:43:52,21h-22h,Sunday,no-reply@m.mail.coursera.org,Coursera,Master the job skills you need for your career 
2023-03-04,18:59:33,18h-19h,Saturday,notifications@discord.com,Discord,Actualizaci√≥n de las pol√≠ticas
2023-03-03,15:20:41,15h-16h,Friday,team@deta.sh,Deta,"Deta Space News: Custom Domains, Apps & More"
2023-03-02,21:15:21,21h-22h,Thursday,ivan@mail.notion.so,Ivan Zhao,You just got access to Notion AI
2023-03-02,11:02:01,11h-12h,Thursday,Learn@mails.microsoft.com,Learn,Sign in to your Microsoft Learn account for more features
2023-03-02,16:03:02,16h-17h,Thursday,alumnos@soyhenry.com,,Migraci√≥n confirmada
2023-03-01,18:07:31,18h-19h,Wednesday,renewals@parallelsnetwork.com,Parallels,Complete your purchase now!
2023-03-01,23:28:09,23h-24h,Wednesday,no-reply@t.mail.coursera.org,Coursera,Welcome to a wonderful world of learning
2023-03-01,11:56:35,11h-12h,Wednesday,alumnos@soyhenry.com,,Recibimos tu pedido de migraci√≥n
2023-03-01,14:29:14,14h-15h,Wednesday,envios@estadosdecuentatotalplay.com.mx,Totalplay,Estados de Cuenta Totalplay
2023-03-01,00:02:09,00h-01h,Wednesday,Microsoft@e-mail.microsoft.com,Microsoft,The Microsoft Cloud Skills Challenge is now live
2023-02-28,18:04:49,18h-19h,Tuesday,renewals@parallelsnetwork.com,Parallels,Your purchase of Parallels Desktop was not complete!
2023-02-28,23:48:25,23h-24h,Tuesday,no-reply@cleverbridge.com,Cleverbridge / Parallels International GmbH ,Reference #385680506: Payment information for Parallels International GmbH 's products
2023-02-28,23:37:12,23h-24h,Tuesday,noreply@parallels.com,Parallels,"Confirm access to your Parallels account from an unrecognized web
 browser"
2023-02-28,23:34:44,23h-24h,Tuesday,noreply@parallels.com,Parallels,"Confirm access to your Parallels account from an unrecognized web
 browser"
2023-02-28,06:05:49,06h-07h,Tuesday,announce@parallels-universe.com,"Parallels, Inc.",¬°Plazo AMPLIADO! ¬°Solo quedan 12 horas! Paquete premium de Parallels de aplicaciones para Mac: Ahorre 863USD  
2023-02-23,16:07:34,16h-17h,Thursday,team@deta.sh,Deta,Deta News: Captain's Log 0001
2023-02-27,12:02:42,12h-13h,Monday,announce@parallels-universe.com,"Parallels, Inc.",¬°Quedan 4 horas para conseguir un 90% de descuento! Compre ahora el paquete de Parallels de aplicaciones para Mac  
2023-02-27,06:05:53,06h-07h,Monday,announce@parallels-universe.com,"Parallels, Inc.",¬°Quedan 12 horas para poder ahorrar 863USD! Consiga 14 aplicaciones GRATIS con la compra  
2023-02-26,15:00:24,15h-16h,Sunday,Microsoft@e-mail.microsoft.com,Microsoft,Confirming you have registered for an upcoming Cloud Skills Challenge
2023-02-26,12:58:06,12h-13h,Sunday,account-security-noreply@accountprotection.microsoft.com,Microsoft account,Verify your email address
2023-02-26,06:05:50,06h-07h,Sunday,announce@parallels-universe.com,"Parallels, Inc.",¬°Solo queda 1 d√≠a! 90% de descuento en el paquete premium de aplicaciones de Parallels  
2023-02-24,17:49:52,17h-18h,Friday,ivan@mail.notion.so,Ivan at Notion,You just got access to Notion AI
2023-02-23,17:51:43,17h-18h,Thursday,avisos@campaign.totalplay.com.mx,Avisos Totalplay,Eval√∫a a nuestro agente de servicio
2023-02-23,06:06:00,06h-07h,Thursday,announce@parallels-universe.com,"Parallels, Inc.",Compre Parallels Desktop 18 y consiga 14 aplicaciones GRATIS  
2023-02-21,18:59:10,18h-19h,Tuesday,forms-receipts-noreply@google.com,Formularios de Google,PI MLOps
2023-02-21,06:02:47,06h-07h,Tuesday,announce@parallels-universe.com,"Parallels, Inc.",¬°Solo quedan unos d√≠as! Paquete premium de Parallels de aplicaciones para Mac: Ahorre 863USD  
2023-02-21,05:48:44,05h-06h,Tuesday,linkedin@e.linkedin.com,LinkedIn,"Samekj, find your next job."
2023-02-18,06:06:01,06h-07h,Saturday,announce@parallels-universe.com,"Parallels, Inc.",¬°Dese prisa! Compre el paquete premium de Parallels de aplicaciones para Mac antes de que sea muy tarde  
2023-02-18,07:08:23,07h-08h,Saturday,no-reply@accounts.google.com,Google,Security alert
2023-02-18,06:59:02,06h-07h,Saturday,no-reply@accounts.google.com,Google,Security alert
2023-02-16,06:05:46,06h-07h,Thursday,announce@parallels-universe.com,"Parallels, Inc.",Oferta por tiempo limitado - Consiga 14 aplicaciones para Mac GRATIS al adquirir Parallels Desktop 18  
2023-02-15,00:45:11,00h-01h,Wednesday,team@deta.sh,,Welcome to Deta Space
2023-02-15,00:44:08,00h-01h,Wednesday,team@deta.sh,Deta,Deta - Verify Your Email
2023-02-14,09:53:20,09h-10h,Tuesday,announce@parallels-universe.com,"Parallels, Inc.",¬°NOVEDAD! 90% de descuento - Compre Parallels Desktop 18 y consiga 14 aplicaciones GRATIS  
2023-02-10,11:36:51,11h-12h,Friday,alumnos@soyhenry.com,Henry,Resultados de tu √∫ltimo checkpoint
2023-02-10,09:58:00,09h-10h,Friday,alumnos@soyhenry.com,Alumnos Henry,HENRY- Checkpoint M6 - DATAFT07
2023-02-10,01:51:45,01h-02h,Friday,noreply@notificaciones.conekta.com,Conekta,CHOP CHOP BIKES ha recibido tu pago
2023-02-10,01:49:10,01h-02h,Friday,noreply@notificaciones.conekta.com,Conekta,Tu referencia esta lista 
2023-02-10,01:47:54,01h-02h,Friday,noreply@notificaciones.conekta.com,Conekta,Paga tu compra de CHOP CHOP BIKES
2023-02-10,01:45:59,01h-02h,Friday,noreply@notificaciones.conekta.com,Conekta,Paga tu compra de CHOP CHOP BIKES
2023-02-10,01:43:12,01h-02h,Friday,elisa@chopchopbikes.com,Elisa Belem Zempoalteca A√±orve,Chop Chop Bikes SAPI de CV Pedido (Ref CCB-15765)
2023-02-09,14:51:40,14h-15h,Thursday,avisos@campaign.totalplay.com.mx,Avisos Totalplay,Eval√∫a a nuestro agente de servicio
2023-02-09,13:33:52,13h-14h,Thursday,informacion@totalplay.com.mx,Informaci√≥n Totalplay,TOTALPLAY REFERENCIAS BANCARIAS
2023-02-09,01:43:09,01h-02h,Thursday,no-reply@accounts.google.com,Google,Help strengthen the security of your Google Account
2023-02-08,10:22:58,10h-11h,Wednesday,linkedin@e.linkedin.com,LinkedIn,"Samekj, you‚Äôve added 10 connections - way to go!"
2023-02-08,06:37:43,06h-07h,Wednesday,linkedin@e.linkedin.com,LinkedIn,Apply today
2023-02-07,18:19:55,18h-19h,Tuesday,no-reply@amazon.com,Ana,Ana te ha enviado informaci√≥n acerca de una devoluci√≥n de Amazon.com.mx para imprimir
2023-02-07,11:45:02,11h-12h,Tuesday,informacion@totalplay.com.mx,Informaci√≥n Totalplay,Bienvenido a Mi Total Play
2023-02-07,04:44:38,04h-05h,Tuesday,googleplay-noreply@google.com,Google Play,Updates to Google Play Terms of Service
2023-02-07,06:57:49,06h-07h,Tuesday,envios@estadosdecuentatotalplay.com.mx,Totalplay,Estados de Cuenta Totalplay
2023-02-06,13:58:59,13h-14h,Monday,informacion@totalplay.com.mx,TotalPlay,"TotalPlay, Orden de Instalaci√≥n"
2023-02-06,13:17:44,13h-14h,Monday,avisos@campaign.totalplay.com.mx,Avisos Totalplay,Bienvenid@ a Totalplay
2023-02-03,22:35:55,22h-23h,Friday,kevin@deepnote.com,Kevin @ Deepnote,"Deepnote update: ü§ñ¬†Chart recommendations, üñ± precision chart filtering, and üîê Microsoft sign-in & SSO"
2023-02-01,03:34:45,03h-04h,Wednesday,linkedin@e.linkedin.com,Nikita @ LinkedIn Learning,"Samekj, redeem these three (3) unlocked courses - offer expires in 7 days"
2023-02-01,04:34:20,04h-05h,Wednesday,no-reply@dashlane.com,Dashlane,Please verify your email address
2023-01-31,17:05:53,17h-18h,Tuesday,announce@parallels-universe.com,"Parallels, Inc.",Your Parallels trial has ended.  
2023-01-29,17:05:41,17h-18h,Sunday,announce@parallels-universe.com,"Parallels, Inc.",Your Parallels trial is about to end.  
2023-01-27,13:21:41,13h-14h,Friday,alumnos@soyhenry.com,Henry,Resultados de tu √∫ltimo checkpoint
2023-01-27,15:31:22,15h-16h,Friday,noreply@airtable.com,Airtable,Airtable forms: Your response to Checkpoint - M√≥dulo 5
2023-01-27,10:00:00,10h-11h,Friday,alumnos@soyhenry.com,Alumnos Henry,HENRY- Checkpoint M5 - DATAFT07
2023-01-26,06:52:47,06h-07h,Thursday,linkedin@e.linkedin.com,LinkedIn,"Samekj, thanks for being a valued member"
2023-01-26,14:22:53,14h-15h,Thursday,noreply@airtable.com,Airtable,Airtable forms: Your response to Feedback M√≥dulo
2023-01-25,08:25:33,08h-09h,Wednesday,linkedin@e.linkedin.com,LinkedIn,"Samekj, thanks for being a valued member"
2023-01-25,16:32:09,16h-17h,Wednesday,team@mail.notion.so,Notion Team,Your first week in Notion
2023-01-24,04:30:35,04h-05h,Tuesday,login@w3schools.com,W3schools,Welcome to W3Schools - please verify your email
2023-01-23,17:01:53,17h-18h,Monday,announce@parallels-universe.com,"Parallels, Inc.",Go Pro to get the most out of Parallels!  
2023-01-23,16:32:04,16h-17h,Monday,team@mail.notion.so,Notion Team,"Notion on mobile, Notion on desktop"
2023-01-23,07:54:01,07h-08h,Monday,team@mail.notion.so,Notion Team,Your first week in Notion
2023-01-23,01:10:23,01h-02h,Monday,no-reply@indeed.com,Indeed,Actualizamos las Condiciones del servicio y la Pol√≠tica de privacidad
2023-01-22,01:08:17,01h-02h,Sunday,Daniel@football-data.org,Daniel (football-data.org),Your free API-key for football-data.org
2023-01-21,07:53:59,07h-08h,Saturday,team@mail.notion.so,Notion Team,"Notion on mobile, Notion on desktop"
2023-01-20,15:12:42,15h-16h,Friday,kevin@deepnote.com,Kevin White,You're almost there ‚Äî jump into Deepnote!
2023-01-19,22:01:05,22h-23h,Thursday,jobalerts-noreply@linkedin.com,LinkedIn Job Alerts,30+ new jobs for ‚Äúdata scientist‚Äù
2023-01-19,22:01:05,22h-23h,Thursday,jobalerts-noreply@linkedin.com,LinkedIn Job Alerts,30+ new jobs for ‚Äúdata analyst‚Äù
2023-01-19,22:01:05,22h-23h,Thursday,jobalerts-noreply@linkedin.com,LinkedIn Job Alerts,30+ new jobs for ‚Äúdata analyst‚Äù
2023-01-19,22:01:05,22h-23h,Thursday,jobalerts-noreply@linkedin.com,LinkedIn Job Alerts,30+ new jobs for ‚Äúdata scientist‚Äù
2023-01-19,13:06:12,13h-14h,Thursday,google-noreply@google.com,The Google Account Team,"Samekj, take the next step on your Mac device by confirming your
 Google Account settings"
2023-01-19,21:05:10,21h-22h,Thursday,no-reply@accounts.google.com,Google,Security alert
2023-01-19,19:20:05,19h-20h,Thursday,jobs-noreply@linkedin.com,LinkedIn,Connect with people you know to prepare for your job search
2023-01-19,16:30:17,16h-17h,Thursday,team@mail.notion.so,Notion Team,Add your teammates
2023-01-19,07:53:56,07h-08h,Thursday,team@mail.notion.so,Notion Team,Add your teammates
2023-01-18,22:27:36,22h-23h,Wednesday,messages-noreply@linkedin.com,LinkedIn,Connect with people you know
2023-01-18,21:42:59,21h-22h,Wednesday,jobalerts-noreply@linkedin.com,LinkedIn Job Alerts,30+ new jobs for ‚Äúdata scientist‚Äù
2023-01-18,21:42:59,21h-22h,Wednesday,jobalerts-noreply@linkedin.com,LinkedIn Job Alerts,30+ new jobs for ‚Äúdata analyst‚Äù
2023-01-18,21:42:59,21h-22h,Wednesday,jobalerts-noreply@linkedin.com,LinkedIn Job Alerts,30+ new jobs for ‚Äúdata scientist‚Äù
2023-01-18,21:42:59,21h-22h,Wednesday,jobalerts-noreply@linkedin.com,LinkedIn Job Alerts,30+ new jobs for ‚Äúdata analyst‚Äù
2023-01-18,16:10:03,16h-17h,Wednesday,drive-shares-dm-noreply@google.com,Xiomara Zienkiewicz Oy... (via Google Slides),"Share request for ""Copy of Apocalipsis Tik Tok"""
2023-01-17,17:06:08,17h-18h,Tuesday,announce@parallels-universe.com,"Parallels, Inc.",Get the most out of your Parallels trial.  
2023-01-17,12:55:39,12h-13h,Tuesday,team@mail.notion.so,Notion Team,Your 3 keys for building in Notion
2023-01-17,07:56:22,07h-08h,Tuesday,team@mail.notion.so,Notion Team,You're all set with Notion!
2023-01-17,07:53:53,07h-08h,Tuesday,team@mail.notion.so,Notion Team,Welcome to Notion
2023-01-16,21:46:59,21h-22h,Monday,messages-noreply@linkedin.com,LinkedIn,"Samekj, welcome to LinkedIn"
2023-01-16,21:40:55,21h-22h,Monday,jobalerts-noreply@linkedin.com,LinkedIn Job Alerts,Samekj: your job alert for data analyst in Europe has been created
2023-01-16,21:40:51,21h-22h,Monday,jobalerts-noreply@linkedin.com,LinkedIn Job Alerts,"Samekj: your job alert for data scientist in Europe has been
 created"
2023-01-16,21:33:40,21h-22h,Monday,jobalerts-noreply@linkedin.com,LinkedIn Job Alerts,"samekj: your job alert for data analyst in United States has been
 created"
2023-01-16,21:33:21,21h-22h,Monday,jobalerts-noreply@linkedin.com,LinkedIn Job Alerts,"samekj: your job alert for data scientist in United States has been
 created"
2023-01-16,04:35:47,04h-05h,Monday,announce@parallels-universe.com,,Welcome to Parallels! Your adventure begins today. 
2023-01-13,13:26:55,13h-14h,Friday,alumnos@soyhenry.com,Henry,Resultados de tu √∫ltimo checkpoint
2023-01-13,16:55:10,16h-17h,Friday,noreply@airtable.com,Airtable,Airtable forms: Your response to Checkpoint - M√≥dulo 4
2023-01-13,10:00:00,10h-11h,Friday,alumnos@soyhenry.com,Alumnos Henry,HENRY- Checkpoint M4 - DATAFT07
2023-01-12,11:19:04,11h-12h,Thursday,announcements@databricks.com,Databricks Team,Where are you on the data maturity curve?
2023-01-12,07:44:33,07h-08h,Thursday,news@datastax.com,DataStax,DataStax Unlocks Real-Time AI for All Businesses
2023-01-12,08:18:16,08h-09h,Thursday,eric.hallow@datastax.com,Eric Hallow,Connect to Your Database
2023-01-12,06:51:29,06h-07h,Thursday,hello@datastax.com,DataStax Astra Engineers,Henry has been hibernated
2023-01-11,19:37:35,19h-20h,Wednesday,noreply@databricks.com,Databricks,Welcome to Databricks! Please verify your email address.
2023-01-11,16:32:43,16h-17h,Wednesday,alumnos@soyhenry.com,HENRY,Novedades sobre el reglamento de estudios de Henry
2023-01-10,08:18:15,08h-09h,Tuesday,eric.hallow@datastax.com,Eric from Astra DB,Building Python apps with Astra DB
2023-01-10,07:18:14,07h-08h,Tuesday,eric.hallow@datastax.com,Eric Hallow,Welcome to Astra DB üëã
2023-01-10,06:51:38,06h-07h,Tuesday,hello@datastax.com,DataStax Astra Engineers,Henry successfully created
2023-01-05,20:15:52,20h-21h,Thursday,drive-shares-dm-noreply@google.com,Fernando Alloatti (via Google Docs),"Document shared with you: ""recetasravioles.docx"""
2023-01-04,13:37:36,13h-14h,Wednesday,no-reply@notify.docker.com,Docker,[Docker] You + Docker = Ready for Action
2023-01-04,13:36:55,13h-14h,Wednesday,no-reply@notify.docker.com,Docker,[Docker] Please confirm your email address
2022-12-27,08:03:55,08h-09h,Tuesday,no-reply@indeed.com,Indeed,Aprovecha al m√°ximo tu b√∫squeda de empleo
2022-12-16,11:27:39,11h-12h,Friday,alumnos@soyhenry.com,Henry,Resultados de tu √∫ltimo checkpoint
2022-12-16,17:46:50,17h-18h,Friday,noreply@airtable.com,Airtable,Your response to Checkpoint - M√≥dulo 3
2022-12-16,09:59:00,09h-10h,Friday,alumnos@soyhenry.com,Alumnos Henry,HENRY- Checkpoint M3 - DATAFT07
2022-12-14,04:22:03,04h-05h,Wednesday,no-reply@registration.edx.org,edX,Password reset completed on edX
2022-12-14,04:20:56,04h-05h,Wednesday,no-reply@registration.edx.org,edX,Password reset on edX
2022-12-06,15:32:39,15h-16h,Tuesday,no-reply@accounts.google.com,Google,Security alert
2022-12-05,13:08:12,13h-14h,Monday,noreply@airtable.com,Airtable,Airtable forms: Your response to Feedback M√≥dulo
2022-12-05,12:34:12,12h-13h,Monday,hola@soyhenry.com,HENRY,Lanzamos modalidad PART TIME de nuestra carrera Data Science üöÄ
2022-12-02,20:11:10,20h-21h,Friday,alumnos@soyhenry.com,,Te compartimos la nota de tu examen - HENRY - DATA
2022-12-02,17:12:12,17h-18h,Friday,noreply@airtable.com,Airtable,Airtable forms: Your response to Checkpoint - M√≥dulo 2
2022-12-02,10:00:00,10h-11h,Friday,alumnos@soyhenry.com,Alumnos Henry,HENRY- Checkpoint M2 - DATAFT07
2022-11-29,22:55:10,22h-23h,Tuesday,no-reply@zoom.us,ComunidadNu,Recordatorio: Curso de 
2022-11-24,10:17:38,10h-11h,Thursday,conferencias@envios.maestriasydiplomados.tec.mx,Tecnol√≥gico de Monterrey,Maximiza tu perfil profesional de manera pr√°ctica y √°gil.¬†üòÄ
2022-11-22,22:55:12,22h-23h,Tuesday,no-reply@zoom.us,ComunidadNu,Recordatorio: Curso de 
2022-11-20,12:32:19,12h-13h,Sunday,admisiones@soyhenry.com,HENRY,5 razones para comenzar tu carrera TI üíª
2022-11-18,15:25:06,15h-16h,Friday,alumnos@soyhenry.com,,Te compartimos la nota de tu examen - HENRY - DATA
2022-11-18,13:32:11,13h-14h,Friday,admisiones@soyhenry.com,,HC Data - Repo
2022-11-18,05:31:26,05h-06h,Friday,noreply@github.com,Juan Daniele,HX-JDaniele invited you to checkpoint-DS-org/CP_07_01
2022-11-18,13:02:10,13h-14h,Friday,admisiones@soyhenry.com,,HC Data - Repo
2022-11-18,05:01:25,05h-06h,Friday,noreply@github.com,Cris Zamorano,HX-CZamorano2 invited you to checkpoint-DS-org/CP_07_01
2022-11-16,12:26:17,12h-13h,Wednesday,admisiones@soyhenry.com,HENRY,¬°Estudia con cero costo inicial!
2022-11-15,22:55:15,22h-23h,Tuesday,no-reply@zoom.us,ComunidadNu,Recordatorio: Curso de 
2022-11-13,12:22:18,12h-13h,Sunday,admisiones@soyhenry.com,HENRY,¬°Solo ganamos si t√∫ ganas! üéØ
2022-11-11,09:25:14,09h-10h,Friday,teamzoom@zoom.us,Zoom,Top 3 Ways to Secure Your Zoom Meetings
2022-11-10,11:56:04,11h-12h,Thursday,no-reply@email.slackhq.com,Slack,Work in Slack with people outside your company
2022-11-10,12:17:16,12h-13h,Thursday,admisiones@soyhenry.com,HENRY,Nuestros graduados se animaron a cambiar su vida. ¬øQu√© esperas para cambiar la tuya? üïù
2022-11-10,08:55:33,08h-09h,Thursday,teamzoom@zoom.us,Zoom,"How to Join, Schedule or Host a Zoom Meeting"
2022-11-09,17:37:14,17h-18h,Wednesday,bpretel@centro.edu.mx,Beatrz Eugenia Pretel Orejuela,Conoce tus opciones de crecimiento profesional en 2023 | CENTRO
2022-11-09,08:25:47,08h-09h,Wednesday,teamzoom@zoom.us,Zoom,Join a Live Training!
2022-11-09,00:08:46,00h-01h,Wednesday,bpretel@centro.edu.mx,Beatrz Eugenia Pretel Orejuela,Casos de xito en visualizacin de datos | Posgrados CENTRO
2022-11-08,12:12:19,12h-13h,Tuesday,admisiones@soyhenry.com,HENRY,Cambia tu vida con Henry üöÄ
2022-11-07,20:14:10,20h-21h,Monday,no-reply-5sWxYWFSwMtwerjHpSqLNYno@slack.com,Slack,Slack confirmation code: EVM-O7Y
2022-11-07,17:07:39,17h-18h,Monday,noreply@discord.com,Discord,Verificar 
2022-11-07,13:06:59,13h-14h,Monday,noreply@soyhenry.com,Soy Henry,Email de verificaci√≥n
2022-11-07,13:02:36,13h-14h,Monday,teamzoom@zoom.us,Zoom,Get Started with Zoom Meetings
2022-11-05,19:53:04,19h-20h,Saturday,no-reply@zoom.us,Gustavo Ferrer,Curso de 
2022-11-05,12:00:00,12h-13h,Saturday,alumnos@soyhenry.com,Alumnos Henry,Inicio Clases Data07 - Lunes 07/11 | 10:00hs GMT -3
2022-11-04,01:36:18,01h-02h,Friday,no-reply@accounts.google.com,Google,Security alert
2022-11-03,11:19:03,11h-12h,Thursday,no-reply@email.slackhq.com,Slack,Easy ways to make Slack notifications work for you
2022-11-02,03:13:54,03h-04h,Wednesday,edX@news.edx.org,edX,Keep learning in Python Basics for Data Science
2022-10-30,22:37:48,22h-23h,Sunday,edX@news.edx.org,edX,Congrats! You're enrolled in Python Basics for Data Science
2022-10-27,19:01:32,19h-20h,Thursday,bpretel@centro.edu.mx,Beatrz Eugenia Pretel Orejuela,Masterclass Visualizar datos del INEGI para descifrar informacin
2022-10-26,10:45:41,10h-11h,Wednesday,no-reply@email.slackhq.com,Slack,Never miss an important message
2022-10-25,10:56:01,10h-11h,Tuesday,no-reply@email.slackhq.com,Slack,Find out why work flows faster in Slack channels
2022-10-25,13:09:58,13h-14h,Tuesday,edX@news.edx.org,edX,Action Required: Confirm your email
2022-10-19,11:20:09,11h-12h,Wednesday,no-reply@email.slackhq.com,Slack,How to add teammates to Slack
2022-10-19,16:57:19,16h-17h,Wednesday,DoNotReply@tutor.com,Tutor.com Provider Management Team,The Classroom Introduction and Interview
2022-10-18,10:28:16,10h-11h,Tuesday,no-reply@email.slackhq.com,Slack,Give your quick reaction using emojis üéâ
2022-10-17,16:23:44,16h-17h,Monday,no-reply@email.slackhq.com,Slack,How to start a conversation in Slack
2022-10-17,14:44:20,14h-15h,Monday,no-reply@slack.com,Slack,Get more done with the Slack desktop app
2022-10-16,04:01:05,04h-05h,Sunday,do_not_reply@tutor.com,DoNotReply,Your Tutor.com Application
2022-10-14,19:53:47,19h-20h,Friday,docusign@docusign.com,DocuSign,¬°Bienvenido
2022-10-14,14:44:20,14h-15h,Friday,no-reply-1lqy6v1XzQRL5ts2dN8VvVsa@slack.com,Slack,Henry on Slack: New Account Details
2022-10-14,13:49:43,13h-14h,Friday,no-reply-687uZncZoWsi5awIjW77X0Cy@slack.com,Slack,Erick David Navarro Linares te invit√≥ a trabajar en conjunto en Slack
2022-10-13,19:53:39,19h-20h,Thursday,docusign@docusign.com,DocuSign,Informaci√≥n
2022-10-13,22:42:27,22h-23h,Thursday,no-reply@accounts.google.com,Google,Security alert
2022-10-13,22:40:39,22h-23h,Thursday,no-reply@accounts.google.com,Google,Recovery email verified for your Google Account
2022-10-13,22:40:15,22h-23h,Thursday,no-reply@accounts.google.com,Google,Security alert
2022-10-14,00:37:19,00h-01h,Friday,alumnos@soyhenry.com,HENRY,¬°Te damos la bienvenida a Henry!
2022-10-13,22:35:51,22h-23h,Thursday,no-reply@accounts.google.com,Google,Security alert
2022-10-13,22:35:14,22h-23h,Thursday,no-reply@accounts.google.com,Google,2-Step Verification turned on
2022-10-13,15:30:56,15h-16h,Thursday,dse_NA3@docusign.net,,Completado: HENRY - Acuerdo de Ingresos Compartidos EXT
2022-10-13,12:11:45,12h-13h,Thursday,dse_NA3@docusign.net,,HENRY - Acuerdo de Ingresos Compartidos EXT
2022-10-11,22:05:09,22h-23h,Tuesday,alumnos@soyhenry.com,HENRY,¬°Bienvenido a HENRY!
2022-10-10,12:02:19,12h-13h,Monday,bpretel@centro.edu.mx,Beatrz Eugenia Pretel Orejuela,Casos de xito en visualizacin de datos | Posgrados CENTRO
2022-10-08,13:10:24,13h-14h,Saturday,noreply@github.com,GitHub,"[GitHub] A first-party GitHub OAuth application has been added to
 your account"
2022-10-08,12:52:32,12h-13h,Saturday,admisiones@soyhenry.com,,HC Data - Repo
2022-10-08,05:52:09,05h-06h,Saturday,noreply@github.com,criszam99,criszam99 invited you to soyHenry/Python-Prep_HC1_016_05
2022-10-08,04:00:47,04h-05h,Saturday,do_not_reply@tutor.com,DoNotReply,Subject Exams are available now
2022-10-08,03:39:46,03h-04h,Saturday,no-reply@slack.com,Slack,You‚Äôre almost there ‚Äî finish installing the desktop app
2022-10-06,22:11:40,22h-23h,Thursday,google-noreply@google.com,The Google Account Team,"Er Samekj, take the next step on your Windows device by confirming
 your Google Account settings"
2022-10-07,05:10:39,05h-06h,Friday,no-reply@accounts.google.com,Google,Security alert
2022-10-04,14:32:39,14h-15h,Tuesday,bpretel@centro.edu.mx,Beatrz Eugenia Pretel Orejuela,Visualizacin y storytelling de los datos  | Posgrados CENTRO
2022-10-04,04:00:34,04h-05h,Tuesday,do_not_reply@tutor.com,DoNotReply,Welcome to Tutor.com!
2022-10-03,20:59:12,20h-21h,Monday,noreply@indeed.com,Turing Inteligencia Artificial,Postulaci√≥n para Becario Tableau Data Science en Turing Inteligencia Artificial
2022-10-03,10:31:46,10h-11h,Monday,myresume@indeed.com,Indeed,Tu CV est√° listo en Indeed
2022-10-03,06:19:01,06h-07h,Monday,indeedapply@indeed.com,Postulaci√≥n v√≠a Indeed,Vista: postulaci√≥n con Turing Inteligencia Artificial
2022-10-02,00:37:13,00h-01h,Sunday,DoNotReply@tutor.com,Tutor.com Provider Management Team,Account Created Account Created
2022-09-30,23:31:08,23h-24h,Friday,noreply@indeed.com,Confidencial,Postulaci√≥n para Medios tiempos sin experiencia! en Confidencial
2022-09-30,18:00:30,18h-19h,Friday,talento@alkemy.org,Talento Alkemy,Nuevo Programa de
2022-09-30,17:23:25,17h-18h,Friday,no-reply@slack.com,Slack,Get more done with the Slack desktop app
2022-09-30,13:25:26,13h-14h,Friday,indeedapply@indeed.com,Postulaci√≥n v√≠a Indeed,Vista: postulaci√≥n con Confidencial
2022-09-28,21:44:44,21h-22h,Wednesday,operations@mg.latinhire.com,LatinHire,"Online Tutoring Application Instructions - English Test Passed |
 LatinHire"
2022-09-28,08:31:00,08h-09h,Wednesday,operations@latinhire.com,LatinHire,"About your application (Online Tutor - STEM, Business & Computer
 Science) | LatinHire"
2022-09-28,01:09:46,01h-02h,Wednesday,no-reply@indeed.com,Indeed,Enviar un mensaje a Turing Inteligencia Artificial para destacarse
2022-09-28,00:46:47,00h-01h,Wednesday,no-reply@indeed.com,Indeed,Enviar un mensaje a Confidencial para destacarse
2022-09-27,17:30:53,17h-18h,Tuesday,noreply@github.com,GitHub,"[GitHub] Welcome to GitHub, @samekj!"
2022-09-27,10:30:06,10h-11h,Tuesday,noreply@github.com,GitHub,üöÄ Your GitHub launch code
2022-09-27,17:27:01,17h-18h,Tuesday,no-reply@accounts.google.com,Google,Security alert
2022-09-27,17:23:26,17h-18h,Tuesday,no-reply-g8i1YcjW84nhqzFfE10le8VA@slack.com,Slack,Henry Data Prep Course on Slack: New Account Details
2022-09-27,17:22:49,17h-18h,Tuesday,no-reply-z3wQU50X1gDxp6iQ3E1f71PF@slack.com,Slack,Confirm your email to join Henry Data Prep Course
2022-09-27,17:20:43,17h-18h,Tuesday,admisiones@mail.soyhenry.com,HENRY,Contin√∫a con tu aplicaci√≥n a la carrera de Data
2022-09-27,17:05:59,17h-18h,Tuesday,admisiones@mail.soyhenry.com,HENRY,Contin√∫a tu inscripci√≥n a la carrera de Data
2022-09-27,10:02:58,10h-11h,Tuesday,google-noreply@google.com,The Google Account Team,"Er Samekj, take the next step on your Windows device by confirming
 your Google Account settings"
2022-09-27,17:01:56,17h-18h,Tuesday,no-reply@accounts.google.com,Google,Security alert
2022-09-27,01:09:45,01h-02h,Tuesday,indeedapply@indeed.com,Postulaci√≥n v√≠a Indeed,Postulaci√≥n en Indeed: Becario Tableau Data Science
2022-09-27,00:46:46,00h-01h,Tuesday,indeedapply@indeed.com,Postulaci√≥n v√≠a Indeed,Postulaci√≥n en Indeed: Medios tiempos sin experiencia!
2022-09-26,20:10:59,20h-21h,Monday,notification@mg.latinhire.com,LatinHire,Hemos recibido tu postulaci√≥n
2022-09-10,01:43:10,01h-02h,Saturday,no-reply@accounts.google.com,Google,Help strengthen the security of your Google Account
2022-09-10,03:46:02,03h-04h,Saturday,forms-receipts-noreply@google.com,Formularios de Google,üèÜ Premio Kybernus al Liderazgo Social 2022
2022-09-09,17:50:56,17h-18h,Friday,no-reply@accounts.google.com,Google,Security alert
2022-09-04,19:58:42,19h-20h,Sunday,marianacabelloc@gmail.com,Mariana Cabello,Art√≠culo 
2022-09-03,19:30:52,19h-20h,Saturday,googlecommunityteam-noreply@google.com,Google Community Team,"Er Samekj, take the next step by customizing your Google Account"
